{"data":"[{\"name\":\"file\",\"id\":\"0\",\"type\":\"data\"},{\"name\":\"view\",\"id\":\"1\",\"type\":\"data\"},{\"name\":\"logic\",\"id\":\"2\",\"type\":\"data\"},{\"name\":\"resource\",\"id\":\"3\",\"type\":\"data\"},{\"name\":\"library\",\"id\":\"4\",\"type\":\"data\"},{\"name\":\"proguard-rules.pro\",\"id\":\"5\",\"type\":\"data\"},{\"name\":\"proguard\",\"id\":\"6\",\"type\":\"data\"},{\"name\":\"stringfog\",\"id\":\"7\",\"type\":\"data\"},{\"name\":\"custom_blocks\",\"id\":\"8\",\"type\":\"data\"},{\"name\":\"permission\",\"id\":\"9\",\"type\":\"data\"},{\"name\":\"icon.png\",\"id\":\"10\",\"type\":\"icons\"},{\"name\":\"ground_enemy_1.png\",\"id\":\"11\",\"type\":\"images\"},{\"name\":\"ground_enemy_2.png\",\"id\":\"12\",\"type\":\"images\"},{\"name\":\"ground_enemy_3.png\",\"id\":\"13\",\"type\":\"images\"},{\"name\":\"sky_enemy_1.png\",\"id\":\"14\",\"type\":\"images\"},{\"name\":\"sky_enemy_2.png\",\"id\":\"15\",\"type\":\"images\"},{\"name\":\"mage_enemy_1.png\",\"id\":\"16\",\"type\":\"images\"},{\"name\":\"mage_enemy_2.png\",\"id\":\"17\",\"type\":\"images\"},{\"name\":\"ground_enemy_1_flip.png\",\"id\":\"18\",\"type\":\"images\"},{\"name\":\"ground_enemy_2_flip.png\",\"id\":\"19\",\"type\":\"images\"},{\"name\":\"ground_enemy_3_flip.png\",\"id\":\"20\",\"type\":\"images\"},{\"name\":\"sky_enemy_1_flip.png\",\"id\":\"21\",\"type\":\"images\"},{\"name\":\"sky_enemy_2_flip.png\",\"id\":\"22\",\"type\":\"images\"},{\"name\":\"extra_1.png\",\"id\":\"23\",\"type\":\"images\"},{\"name\":\"extra_2.png\",\"id\":\"24\",\"type\":\"images\"},{\"name\":\"extra_3.png\",\"id\":\"25\",\"type\":\"images\"},{\"name\":\"extra_4.png\",\"id\":\"26\",\"type\":\"images\"},{\"name\":\"extra_5.png\",\"id\":\"27\",\"type\":\"images\"},{\"name\":\"extra_6.png\",\"id\":\"28\",\"type\":\"images\"},{\"name\":\"character_1.png\",\"id\":\"29\",\"type\":\"images\"},{\"name\":\"character_2.png\",\"id\":\"30\",\"type\":\"images\"},{\"name\":\"character_3.png\",\"id\":\"31\",\"type\":\"images\"},{\"name\":\"less_need_1.png\",\"id\":\"32\",\"type\":\"images\"},{\"name\":\"less_need_2.png\",\"id\":\"33\",\"type\":\"images\"},{\"name\":\"less_need_3.png\",\"id\":\"34\",\"type\":\"images\"},{\"name\":\"less_need_4.png\",\"id\":\"35\",\"type\":\"images\"},{\"name\":\"character_1_flip.png\",\"id\":\"36\",\"type\":\"images\"},{\"name\":\"character_2_flip.png\",\"id\":\"37\",\"type\":\"images\"},{\"name\":\"character_3_flip.png\",\"id\":\"38\",\"type\":\"images\"},{\"name\":\"less_need_5.png\",\"id\":\"39\",\"type\":\"images\"},{\"name\":\"less_need_6.png\",\"id\":\"40\",\"type\":\"images\"},{\"name\":\"ic_add_white.png\",\"id\":\"41\",\"type\":\"images\"},{\"name\":\"less_need_7.png\",\"id\":\"42\",\"type\":\"images\"},{\"name\":\"mage_enemy_flip_1.png\",\"id\":\"43\",\"type\":\"images\"},{\"name\":\"mage_enemy_flip_2.png\",\"id\":\"44\",\"type\":\"images\"},{\"name\":\"shuriken.png\",\"id\":\"45\",\"type\":\"images\"},{\"name\":\"filane.png\",\"id\":\"46\",\"type\":\"images\"},{\"name\":\"yasha.png\",\"id\":\"47\",\"type\":\"images\"},{\"name\":\"yasha_flip.png\",\"id\":\"48\",\"type\":\"images\"},{\"name\":\"tick.png\",\"id\":\"49\",\"type\":\"images\"},{\"name\":\"cross.png\",\"id\":\"50\",\"type\":\"images\"},{\"name\":\"wall_1.png\",\"id\":\"51\",\"type\":\"images\"},{\"name\":\"ic_chevron_right_white.png\",\"id\":\"52\",\"type\":\"images\"},{\"name\":\"ic_chevron_left_white.png\",\"id\":\"53\",\"type\":\"images\"},{\"name\":\"artifact_1.png\",\"id\":\"54\",\"type\":\"images\"},{\"name\":\"artifact_2.png\",\"id\":\"55\",\"type\":\"images\"},{\"name\":\"artifact_3.png\",\"id\":\"56\",\"type\":\"images\"},{\"name\":\"artifact_4.png\",\"id\":\"57\",\"type\":\"images\"},{\"name\":\"artifact_5.png\",\"id\":\"58\",\"type\":\"images\"},{\"name\":\"artifact_6.png\",\"id\":\"59\",\"type\":\"images\"},{\"name\":\"artifact_7.png\",\"id\":\"60\",\"type\":\"images\"},{\"name\":\"artifact_8.png\",\"id\":\"61\",\"type\":\"images\"},{\"name\":\"artifact_9.png\",\"id\":\"62\",\"type\":\"images\"},{\"name\":\"artifact_10.png\",\"id\":\"63\",\"type\":\"images\"},{\"name\":\"artifact_11.png\",\"id\":\"64\",\"type\":\"images\"},{\"name\":\"artifact_12.png\",\"id\":\"65\",\"type\":\"images\"},{\"name\":\"artifact_13.png\",\"id\":\"66\",\"type\":\"images\"},{\"name\":\"artifact_14.png\",\"id\":\"67\",\"type\":\"images\"},{\"name\":\"more_map_1.png\",\"id\":\"68\",\"type\":\"images\"},{\"name\":\"more_map_2.png\",\"id\":\"69\",\"type\":\"images\"},{\"name\":\"more_map_3.png\",\"id\":\"70\",\"type\":\"images\"},{\"name\":\"more_map_4.png\",\"id\":\"71\",\"type\":\"images\"},{\"name\":\"more_map_5.png\",\"id\":\"72\",\"type\":\"images\"},{\"name\":\"enemy_force_field.png\",\"id\":\"73\",\"type\":\"images\"},{\"name\":\"ic_check_white.png\",\"id\":\"74\",\"type\":\"images\"},{\"name\":\"magical_music.mp3\",\"id\":\"75\",\"type\":\"sounds\"},{\"name\":\"magic_shot_effect.mp3\",\"id\":\"76\",\"type\":\"sounds\"},{\"name\":\"damaged_effect.mp3\",\"id\":\"77\",\"type\":\"sounds\"},{\"name\":\"aloevera_font.ttf\",\"id\":\"78\",\"type\":\"fonts\"},{\"name\":\"project\",\"id\":\"79\",\"type\":\"project\"}]","id":"49075","version":"368"}